{
	"patcher" : 	{
		"rect" : [ 0.000000, 0.000000, 1000.000000, 1000.000000 ],
		"name" : "u020000012",
		"title" : "jasch palette",
		"bgcolor" : [ 1.000000, 1.000000, 1.000000, 1.000000 ],
		"bglocked" : 0,
		"defrect" : [ 196.000000, 202.000000, 640.000000, 480.000000 ],
		"boxes" : [ 		{
			"box" : 				{
				"maxclass" : "fpic",
				"boxalpha" : 0.800000,
				"presentation" : 0,
				"destrect" : [ 0.000000, 0.000000, 0.000000, 0.000000 ],
				"patching_rect" : [ 100.000000, 100.000000, 100.000000, 100.000000 ],
				"autofit" : 0,
				"id" : "obj-260",
				"ignoreclick" : 0,
				"hidden" : 0,
				"fontname" : "Verdana",
				"pic" : "ambimonitor.svg",
				"xoffset" : 0.000000,
				"yoffset" : 0.000000,
				"background" : 0,
				"presentation_rect" : [ 0.000000, 0.000000, 0.000000, 0.000000 ],
				"fontsize" : 12.000000,
				"instance_attributes" : 					{
					"palette_category" : [ "Basic", "Interface", "Data" ],
					"palette_action" : "ambimonitor"
				}
			}
		}		
		
 ],
		"lines" : [  ]
	}

}
